session_id,participant_id,sleep_duration,screen_time,screen_time_source,social_media_time,notification_count,study_time,median_rt,sd_rt,n_valid_trials,cv_rt,ies_switch,ies_repeat,switch_cost_ies,omission_errors,commission_errors,sustained_attention_score
ff788f7a-6ec0-4346-99cc-f365db54de18,P001,6.16,295.2,self_report,37.9,63,75.8,340.2,41.81523265477294,49,0.12291367623390048,423.26250000000005,391.13750000000005,32.125,1,1,0.35745834270896104
697df889-1dce-4c5c-989e-4fbba9d72aca,P001,6.47,452.4,self_report,75.3,68,167.8,369.7,55.3275360918955,49,0.14965522340247633,526.2938775510204,430.82666666666665,95.46721088435373,3,1,-0.38873230097768546
6da3a9b5-9f16-40d3-9e38-f35c9064cfc1,P001,8.48,151.9,self_report,133.4,69,77.1,328.7,67.75836502936268,47,0.20614044730563638,533.7751479289941,421.8737777777777,111.90137015121638,5,0,-0.6702534550042335
5c7e0247-459b-4a8d-8257-87ef47714e61,P001,7.63,263.9,self_report,101.1,63,125.0,354.6,62.98328598232481,45,0.1776178397696695,466.78044444444447,411.71875,55.06169444444447,1,0,0.8221278323690597
cd82d6b4-ceed-4b2c-9e75-0b1bca81ee43,P001,8.31,106.7,self_report,108.5,21,100.3,327.9,52.796948409279295,47,0.1610153961856642,514.0544378698224,376.85,137.2044378698224,1,3,-0.5718806366112361
1b869fce-8bcc-40dd-84b1-93dc8a9a7107,P001,8.4,173.9,self_report,112.6,46,39.5,337.8,70.18623508081633,47,0.207774526586194,514.5877551020408,414.53125,100.05650510204077,4,3,-1.691166602141206
67dc648e-8438-4919-a1d2-16962a930267,P001,6.06,218.9,self_report,82.4,55,184.3,325.3,59.58174692241351,49,0.1831593818703151,460.76444444444434,385.99111111111114,74.7733333333332,2,0,0.44903251052573645
2220abd4-5570-451a-b1dc-eeb5be2ccf9a,P001,7.42,108.2,self_report,166.9,88,94.4,313.8,55.92731563693847,49,0.17822598992013533,402.73125000000005,398.21511111111107,4.516138888888975,3,0,0.07593718868241317
38a87246-1163-4bd0-9051-50fb2850ad1b,P001,7.66,201.1,self_report,94.2,102,29.7,332.3,56.74158375080386,47,0.17075408892808866,482.80177777777783,433.73511111111117,49.06666666666666,2,1,-0.015636979134362197
62ce89ac-5fc9-4ba3-8eb5-1a44aba364ca,P001,7.24,227.4,self_report,93.4,40,40.5,339.8,61.488106601206724,49,0.18095381577753597,492.62040816326527,370.30625000000003,122.31415816326523,1,2,-0.10721114695113756
ba6b4c41-925e-43c9-b1a0-f483803bd415,P002,8.35,273.0,self_report,71.6,49,104.7,376.7,56.27337367737971,49,0.14938511727470058,482.61688888888887,462.9551020408163,19.661786848072552,1,0,0.8221278323690597
5cf58e2a-8c1f-4ea4-8503-a873f592a566,P002,8.41,128.8,self_report,92.7,62,97.3,348.20000000000005,62.14775119602803,48,0.17848291555435963,460.60625000000005,444.2875,16.318750000000023,2,2,-0.4803064687944608
cbba5d65-60e8-4e42-95c0-543bc0b36527,P002,9.97,234.7,self_report,39.2,59,103.7,353.4,59.37043050801876,49,0.16799782260333548,521.5918367346939,460.4444444444444,61.147392290249456,2,4,-1.409645448114658
a9ce0a01-c6c3-4000-9da5-f780a3dff5a5,P002,8.62,258.4,self_report,130.8,46,91.9,376.5,54.88259745626204,48,0.14577051117201073,504.68266666666676,391.3,113.38266666666675,1,2,-0.10721114695113756
4c8ab3be-9ca0-4c74-bd98-8ad05f368513,P002,8.49,176.9,self_report,26.7,77,177.3,372.1,55.44458232490957,49,0.14900452116342264,461.54374999999993,456.64000000000016,4.903749999999775,2,1,-0.015636979134362197
ff75c8e3-0b14-41ba-b595-dbe14847e04c,P002,7.96,156.8,self_report,83.4,33,34.8,351.0,58.397533762094355,45,0.1663747400629469,500.2311111111112,451.4062222222222,48.82488888888901,0,2,0.26588417489218574
e86b4e0f-a263-43fc-b590-60b88419f4cb,P002,7.82,195.7,self_report,118.1,90,87.7,349.8,56.057450031923786,49,0.16025571764415034,552.130612244898,504.3408284023668,47.789783842531165,1,3,-0.5718806366112361
73839937-acd2-41cc-8d3f-561fee29e635,P002,7.92,190.6,self_report,174.9,85,127.0,367.1,60.733193834453765,48,0.16544046263811976,467.55625,421.7742222222222,45.782027777777785,3,1,-0.38873230097768546
0a47f724-2294-4c82-b189-d4af212d1ac0,P002,9.91,250.2,self_report,123.9,49,126.8,346.6,55.767262663986074,49,0.16089804577030026,538.1551020408164,413.6817777777778,124.47332426303853,1,2,-0.10721114695113756
8f365903-9eb2-4eb7-a146-2dbd3ccdda1e,P002,8.1,211.8,self_report,112.3,63,102.4,354.0,62.48633966362425,49,0.17651508379554873,459.75,450.04088888888884,9.709111111111156,1,0,0.8221278323690597
19abf2fe-3a0f-4cef-aaed-99cc162c05fc,P003,8.81,193.0,self_report,97.5,27,26.3,384.3,51.35847198425806,49,0.13364161328196217,480.39374999999995,461.00625,19.387499999999932,2,2,-0.4803064687944608
b050c6ba-0d24-4d37-8b8f-aed26767f727,P003,9.72,301.3,self_report,119.1,57,70.6,382.85,59.125549434388915,50,0.15443528649442056,507.95624999999995,519.2408163265306,-11.284566326530694,2,1,-0.015636979134362197
5f84e5fb-36a0-40ac-a2e1-e3b75c464189,P003,8.91,177.2,self_report,144.4,18,117.6,380.0,53.77520570139133,48,0.14151369921418772,569.7224489795918,457.28711111111113,112.4353378684807,2,1,-0.015636979134362197
9415cbd7-6f3e-4c17-8006-d64c6f875ee8,P003,7.84,239.5,self_report,101.4,85,85.7,399.8,58.297532276276876,48,0.1458167390602223,505.3375,619.5218934911242,-114.18439349112418,2,0,0.44903251052573645
a2320aeb-2485-4926-977d-b0a613b2f578,P003,9.07,277.3,self_report,155.0,65,115.8,376.9,69.5484649897011,47,0.18452763329716398,505.8702222222222,652.0555555555557,-146.18533333333346,4,1,-0.7618276228210088
6dc95f7a-ec37-4e88-81a0-f3ab74e590eb,P003,8.01,125.6,self_report,160.5,112,15.3,375.8,55.63121264549393,50,0.14803409432010092,643.2189349112425,600.1420118343195,43.07692307692298,0,2,0.26588417489218574
bb8df596-f6f7-422d-9dcd-3aa2cd8fc816,P003,8.48,108.0,self_report,89.6,107,78.6,387.15,61.09353948967015,48,0.1578032790641099,484.63124999999997,483.1431111111111,1.488138888888841,0,1,0.7305536645522843
122cb7d8-7618-4351-ac51-d36d6e06f7e2,P003,7.81,264.2,self_report,67.3,33,63.3,375.9,65.7788383770289,49,0.17499025905035623,519.8008888888888,482.41066666666666,37.39022222222218,1,1,0.35745834270896104
19ac0452-e02a-496c-bb73-c944bc27d0c5,P003,7.97,233.0,self_report,48.8,59,134.7,376.3,65.98381251705386,50,0.1753489569945625,520.3697777777778,484.0035555555556,36.366222222222234,1,2,-0.10721114695113756
a94e1f7a-87c8-480b-9226-cb936b4ffa9b,P003,7.88,186.1,self_report,190.3,40,64.9,378.65,59.80580182338155,48,0.15794480872410288,599.2426035502959,531.7469387755102,67.49566477478572,2,1,-0.015636979134362197
7f3a1321-546d-4d93-afa0-25f0cd057997,P004,6.24,214.4,self_report,93.2,49,139.1,314.05,61.673391477298026,48,0.1963808039398122,416.51875,406.0871111111111,10.431638888888926,2,0,0.44903251052573645
757711e5-82ed-442b-a3af-92d358c5b210,P004,6.79,85.0,self_report,77.9,85,7.0,313.8,64.35299296910465,49,0.20507645942990646,437.575,406.9831111111112,30.591888888888775,1,1,0.35745834270896104
b099653c-7366-4619-89d0-5339bfae143f,P004,6.54,305.0,self_report,89.0,45,89.7,318.4,54.44066716615988,49,0.1709819948685926,424.2125,444.5653333333333,-20.352833333333308,1,1,0.35745834270896104
d6bb6d9b-6f56-4e6a-ad34-8eff95c2f4a6,P004,6.37,278.2,self_report,111.7,32,29.1,339.9,56.32982046367082,49,0.1657246850946479,462.6488888888889,382.10625000000005,80.54263888888886,2,0,0.44903251052573645
6b472aba-6f79-4085-af86-2498b2ca68b2,P004,6.19,227.4,self_report,78.1,81,66.9,343.15,53.24616857657561,48,0.15516878501114853,410.5625,411.38488888888884,-0.8223888888888382,1,5,-1.5012196159314337
9fbb0965-3dd8-4409-bc84-b842b5cecf16,P004,6.16,192.4,self_report,177.5,47,67.5,329.65,67.43611764674259,50,0.20456883860683328,467.0079999999999,479.3224489795919,-12.314448979591987,3,3,-1.3180712802978827
a9603186-2705-4411-9df5-5c5daae3b379,P004,6.03,106.7,self_report,127.7,49,36.8,321.9,63.64784786161247,49,0.19772552923769018,489.5428571428571,406.11555555555555,83.42730158730154,1,1,0.35745834270896104
fd97d523-8598-4d84-819a-443c25b6b5dd,P004,6.18,232.7,self_report,106.8,72,28.5,340.8,55.642044043206425,50,0.16326890857748363,398.11875,409.95102040816334,-11.832270408163367,0,2,0.26588417489218574
9b87289c-2367-439f-b5c4-15cdd44666a1,P004,6.49,253.2,self_report,95.8,34,70.3,317.85,59.57221308150782,50,0.18742241019823128,472.7964444444445,516.9666666666668,-44.17022222222232,3,2,-0.8534017906377841
fe2f6da2-b10e-478b-9696-0d7314673a95,P004,5.57,182.2,self_report,88.3,76,127.6,356.4,64.28347119102506,49,0.18036888661903777,419.53422222222224,414.66938775510204,4.864834467120204,3,2,-0.8534017906377841
867a3ccd-564c-4960-a872-fd94dd631305,P005,7.51,325.3,self_report,49.1,59,105.7,350.20000000000005,54.41652140130273,48,0.1553869828706531,443.2375,405.5751111111111,37.66238888888893,2,0,0.44903251052573645
146ebf19-5e37-413f-8d48-41f870c27e84,P005,8.57,179.7,self_report,93.2,86,73.9,342.7,59.594517392439265,47,0.17389704520700108,535.3061224489796,445.62488888888885,89.68123356009079,1,1,0.35745834270896104
252098a9-ede4-49a0-94f6-747218d06f8d,P005,8.28,163.4,self_report,86.7,25,128.1,338.95,70.95421176608855,50,0.20933533490511447,457.325,496.9372781065089,-39.61227810650894,1,0,0.8221278323690597
ac4d5f45-f922-4a3f-8b8a-768565f48a68,P005,8.39,266.5,self_report,67.7,98,149.2,368.7,69.13999748120246,49,0.18752372519989818,478.47822222222226,446.9875,31.490722222222246,0,0,1.195223154212383
edd9a8b6-ec62-4f90-a093-c6248ac96a1d,P005,7.18,327.2,self_report,70.9,32,48.4,360.15,68.35407500680161,48,0.18979335001194395,501.568,459.6622222222222,41.90577777777776,2,1,-0.015636979134362197
8d6e5980-1d8e-441a-8c7a-94ab331cacf9,P005,7.63,413.7,self_report,103.7,87,110.9,360.5,58.64999612018708,50,0.1626906965885911,501.92653061224485,389.975,111.95153061224482,4,3,-1.691166602141206
725973af-b348-4c40-ac95-b584c16159b5,P005,6.05,410.0,self_report,40.3,65,169.6,360.9,60.7873571486345,49,0.16843268813697562,510.4213333333334,478.44897959183675,31.972353741496647,2,1,-0.015636979134362197
bbd5114d-634c-476f-a68d-907bb59f7177,P005,7.93,265.6,self_report,94.4,65,124.1,347.75,66.02196735081695,48,0.18985468684634638,498.7946666666666,395.38488888888884,103.40977777777778,1,0,0.8221278323690597
445acf37-4c9e-4031-8b6d-de8e34110dcb,P005,8.48,98.0,self_report,90.1,123,72.6,357.3,62.07116389882748,49,0.1737228208755317,468.9625,416.42499999999995,52.53750000000002,2,3,-0.9449759584545594
86a8e9f6-e1cd-4d39-b91a-ccf30d37364e,P005,5.44,242.1,self_report,92.5,83,81.8,333.6,49.795241142141684,45,0.14926631037812255,456.7893333333333,412.75625,44.03308333333325,2,1,-0.015636979134362197
b2134d90-9a5c-4d77-a34d-24be402fc2ba,P006,6.54,348.4,self_report,157.8,29,98.3,486.2,46.065489004360785,49,0.09474596668934757,678.4653061224491,564.7755102040817,113.6897959183674,2,1,-0.015636979134362197
99293316-a561-4af6-85e3-dcc3a69d8b3a,P006,6.18,175.0,self_report,62.7,73,181.4,457.9,50.464249149044825,49,0.11020801299201753,695.9836734693879,528.825,167.15867346938785,1,2,-0.10721114695113756
49c459d0-103b-48ac-81e0-acd50256fbde,P006,6.13,183.8,self_report,108.8,57,109.6,450.1,61.74184594880191,47,0.13717361908198603,706.7171597633135,599.7511111111111,106.9660486522024,3,0,0.07593718868241317
7886a084-db86-4db3-8b24-741b0852c787,P006,6.56,154.6,self_report,180.4,104,148.0,454.5,64.55982591712109,49,0.14204582159982637,607.7155555555556,561.9911111111111,45.72444444444454,0,1,0.7305536645522843
84ac2a39-a46e-4e01-8740-8df98b0cddfb,P006,7.15,305.5,self_report,68.2,24,38.0,482.9,62.71609706381508,46,0.12987388085279578,606.3146666666667,560.3697777777778,45.94488888888884,1,0,0.8221278323690597
7e26b3c0-e135-495d-8fba-16903dbb9682,P006,8.07,213.6,self_report,111.4,47,104.8,477.3,58.90284924330564,50,0.12340844174168371,590.56875,611.3877551020407,-20.819005102040705,2,0,0.44903251052573645
e276775f-e46e-4e03-9035-c7d72052c274,P006,7.54,259.5,self_report,130.9,57,134.6,478.6,69.35576797224877,50,0.14491384866746504,566.55,552.3484444444445,14.201555555555501,3,1,-0.38873230097768546
6af13735-ab54-4edb-a9c3-2ffc02d0db7f,P006,5.91,221.5,self_report,104.1,65,133.2,470.95,64.30730888095228,50,0.13654806005085948,573.76875,566.2008888888888,7.567861111111142,1,2,-0.10721114695113756
95ba852e-445a-4bb7-b986-7ec21c33cb1d,P006,6.68,154.0,self_report,140.7,51,102.2,464.2,65.574966641242,49,0.1412644692831581,740.0444444444446,529.0875000000001,210.9569444444445,2,0,0.44903251052573645
1f09f925-6772-4409-b37a-0ffddb998e79,P006,5.34,241.4,self_report,50.7,84,110.9,477.9,52.43676599668872,48,0.109723301939085,558.4437499999999,581.6462222222223,-23.202472222222355,1,0,0.8221278323690597
d7446f63-472f-44c1-8721-352850e8fd6f,P007,4.41,343.9,self_report,98.3,44,69.8,470.2,61.22912493083597,49,0.13021932141819645,542.58125,574.7102040816327,-32.12895408163274,1,3,-0.5718806366112361
99509a74-d422-4737-ac16-b2cc2d9236cf,P007,6.59,213.7,self_report,121.2,45,108.9,492.25,59.09665946205815,48,0.12005415837899065,634.9226666666667,661.5100591715975,-26.58739250493079,0,1,0.7305536645522843
17b6a73a-03f1-4326-b0df-56b543101bea,P007,6.92,312.3,self_report,99.3,53,118.0,472.7,48.98060337319989,49,0.1036187928352018,643.9020408163266,593.2231111111112,50.67892970521541,4,0,-0.2971581331609101
4ae45d10-e5d3-4572-978f-749d6a2d84c4,P007,7.06,279.0,self_report,9.7,97,65.5,463.5,49.91542048433189,48,0.1076923850794647,663.4857142857143,624.0284023668639,39.45731191885034,0,0,1.195223154212383
c1e4501b-18dd-4491-91ac-a655d7ddcd7a,P007,6.22,198.9,self_report,112.2,64,78.4,457.1,60.62541156546707,48,0.13263052191088834,604.8711111111112,515.25,89.62111111111119,1,1,0.35745834270896104
935757b0-d99c-4cf9-b1e3-57764c2594d8,P007,6.88,180.5,self_report,77.8,57,106.3,474.6,51.80565658711189,49,0.10915646141405792,640.4897959183672,611.8530612244898,28.63673469387743,1,2,-0.10721114695113756
df4a928b-cc97-4cda-87f9-6c8cddbfce9a,P007,4.99,254.3,self_report,68.4,49,93.0,472.0,66.45890059041811,49,0.14080275548817398,599.1893333333334,662.7976331360945,-63.60829980276117,3,0,0.07593718868241317
b2ea8a83-90d5-4e16-ad73-01b1e1a9b671,P007,6.78,287.3,self_report,34.8,53,111.0,488.9,67.76666675032041,49,0.1386104862964214,587.6195555555555,558.3359999999999,29.28355555555561,5,3,-2.0642619239845295
0430a9b2-a335-4398-a8a9-f87777897cd9,P007,4.5,348.7,self_report,109.6,76,155.8,482.95,70.02326438478886,50,0.14499071205049976,697.7325443786982,567.616,130.11654437869822,3,1,-0.38873230097768546
3f86cb65-b9af-46b8-a501-73a33bae14e6,P007,6.42,279.5,self_report,114.7,106,52.7,482.65,71.45595168993898,48,0.1480492110016347,601.9413333333333,628.4591715976331,-26.517838264299826,1,0,0.8221278323690597
cb080cb2-7248-42d1-bc45-343dd0a3fcba,P008,6.57,143.3,self_report,73.7,45,48.7,379.7,60.074642771152895,49,0.15821607261299156,613.301775147929,489.8773333333333,123.4244418145957,1,0,0.8221278323690597
7e79027f-1945-4752-bdbb-2ea91ce6f69f,P008,6.78,223.3,self_report,45.2,49,117.4,396.7,55.370454188490974,47,0.13957765109274256,493.08125,458.48125,34.60000000000002,1,4,-1.036550126271335
33392b4e-c437-426a-a8f4-4276037e9625,P008,7.76,294.3,self_report,103.4,68,123.8,403.5,58.3822253565985,48,0.14468953000396156,546.2285714285714,511.1183673469387,35.11020408163267,3,0,0.07593718868241317
f35d1a43-46bb-4354-9a45-c97bcda04d0f,P008,6.28,201.7,self_report,54.8,102,21.0,399.6,75.84667893634999,48,0.18980650384471967,587.4650887573964,486.6204444444445,100.84464431295191,0,0,1.195223154212383
df956141-e7a6-4ba8-917d-ac0ba656fc08,P008,7.62,145.0,self_report,62.1,50,67.3,375.3,47.032559644002646,49,0.12531990312817118,573.8367346938775,526.7265306122448,47.11020408163267,1,2,-0.10721114695113756
6a3c19b1-f582-4fd7-9bd9-ef1bbcca809e,P008,6.17,245.7,self_report,118.3,64,0.0,404.0,54.828468817830405,48,0.13571403172730298,622.2958579881657,534.1822485207101,88.1136094674556,3,1,-0.38873230097768546
d0938a3c-b7d0-445a-86ea-20614599e1bb,P008,6.39,162.2,self_report,111.3,63,63.5,399.7,64.3211488939327,48,0.16092356490851314,523.7048888888888,549.1976331360946,-25.492744247205792,5,2,-1.5995924343244308
1d73c84d-899b-48ef-8567-ec1ad679f704,P008,7.57,47.9,self_report,109.5,35,102.6,408.3,64.43492788831837,49,0.1578127060698466,551.591836734694,456.57599999999996,95.015836734694,5,1,-1.134922944664332
9671b7f3-cefe-4cdf-b6a4-e5c77c3418ce,P008,6.53,198.4,self_report,61.0,59,66.4,396.1,63.89284715485131,48,0.16130484007788767,477.125,455.925,21.19999999999999,1,1,0.35745834270896104
a2250ec6-1ff3-4ef9-a6fc-485f7448677f,P008,5.01,379.4,self_report,113.1,69,118.9,406.7,54.576874859117346,50,0.1341944304379576,632.3976331360948,464.16875000000005,168.22888313609474,3,2,-0.8534017906377841
a3bf3472-64f3-4a5f-bddf-2586ba70b726,P009,8.25,209.4,self_report,71.9,86,1.1,360.85,55.490547678254664,50,0.15377732486699366,557.1102040816326,542.4662721893491,14.64393189228349,0,1,0.7305536645522843
f64ef2e7-e0d2-4e56-aaa3-0cc52fc4779e,P009,9.33,237.0,self_report,163.6,35,81.8,365.6,61.47673362009196,48,0.1681529913022209,467.5625,569.9555555555556,-102.39305555555563,3,2,-0.8534017906377841
f92ee278-d1a1-4e4f-9f0f-bf8c165678eb,P009,6.4,289.6,self_report,57.0,57,84.1,367.25,54.852462149521905,46,0.14936000585302084,505.3795555555555,447.0613333333333,58.318222222222175,0,0,1.195223154212383
e0ffdb54-edb9-47c8-9c95-d118aa57e107,P009,9.62,159.5,self_report,102.7,38,41.6,348.6,70.39343800345013,49,0.201931835924986,544.5224489795918,404.725,139.79744897959176,0,1,0.7305536645522843
b3416d39-c2e0-4095-8687-920d6cbe64ec,P009,8.85,183.6,self_report,120.8,15,29.3,347.4,59.25350638323003,49,0.1705627702453369,504.9457777777778,477.2244897959184,27.721287981859405,1,0,0.8221278323690597
be374d6c-8c9d-4621-9235-cae1f5ebd3a2,P009,9.15,189.3,self_report,58.6,54,49.3,332.29999999999995,65.12597466073122,50,0.19598547896699134,470.7875,418.90133333333335,51.88616666666667,0,4,-0.6634548044280116
5a26d6a9-7e44-484c-8df1-438735f8c514,P009,7.95,218.1,self_report,0.0,92,62.3,350.8,59.12874213323419,49,0.16855399695904844,452.551111111111,419.0625,33.48861111111103,0,1,0.7305536645522843
77be8255-c470-496b-a74b-b0ac8324f845,P009,9.17,203.8,self_report,98.1,56,156.9,328.8,57.41858758115691,47,0.17463074081860375,450.8375,495.2408163265307,-44.40331632653073,1,0,0.8221278323690597
5441f60e-b219-460e-b297-26622475c807,P009,10.65,97.8,self_report,109.6,64,37.4,346.6,61.18765089171689,47,0.17653678849312432,439.18125,412.35,26.831249999999955,0,2,0.26588417489218574
d82a5492-6c1c-4a28-91ee-c268521fffe3,P009,9.44,79.6,self_report,45.9,89,0.0,354.9,53.981559745129694,49,0.15210357775466243,476.87111111111113,460.53061224489795,16.34049886621318,2,0,0.44903251052573645
79bd56d3-029c-48ea-a4da-469ceaf9dc32,P010,5.33,256.7,self_report,83.6,71,0.0,411.0,42.26066352972689,49,0.1028239988557832,535.7155555555556,485.25,50.465555555555625,0,1,0.7305536645522843
c5bf537c-ab11-424b-a8f3-ad9e821404c0,P010,6.46,296.3,self_report,65.7,89,101.0,440.6,53.958469314193906,47,0.12246588586970927,547.7902222222222,481.35,66.44022222222213,1,1,0.35745834270896104
b86450f0-8792-46bd-9c83-8c304a2f3831,P010,7.71,220.1,self_report,143.9,34,99.1,429.4,60.75972632309287,50,0.14149912976966203,676.6958579881658,535.1395555555556,141.5563024326102,1,1,0.35745834270896104
ef43cdfd-6cd6-4b4c-868c-01a928d38e9e,P010,6.48,122.2,self_report,109.2,59,33.6,413.9,56.17239128359238,49,0.13571488592315145,667.9573964497042,534.5137777777778,133.4436186719264,5,1,-1.134922944664332
66fc0436-5229-4adf-8293-dce814b01c9c,P010,5.37,121.4,self_report,113.7,49,111.8,443.8,57.42629733711151,49,0.12939679436032336,539.9182222222222,515.0125,24.905722222222153,10,1,-3.000399553880948
c3a874de-7df0-49f8-a61f-a8efddfa3488,P010,6.65,221.1,self_report,20.8,17,97.0,438.20000000000005,65.15584260336605,48,0.14868973665761306,620.9061224489795,527.9217777777778,92.98434467120171,3,0,0.07593718868241317
93119263-e45e-439f-92ae-e6d4973e611d,P010,5.74,382.8,self_report,75.4,48,107.5,437.95,67.2521963436398,46,0.15356135710386984,622.1065088757397,503.83750000000003,118.26900887573964,0,1,0.7305536645522843
af35110c-2c18-48df-af98-4a3542384fbd,P010,6.01,263.6,self_report,144.9,34,64.6,441.7,62.43888257442519,50,0.14136038617710028,535.61875,517.2551111111111,18.363638888888886,1,1,0.35745834270896104
ad20f7f7-ebaf-495c-8df7-e53a18cc4b6f,P010,6.47,168.9,self_report,96.9,49,55.7,423.35,68.68059355988115,48,0.16223123552587962,619.8530612244897,521.4008888888889,98.45217233560084,2,0,0.44903251052573645
3d78fc2a-8f81-450e-8bbf-8306d1a2a8b0,P010,8.17,155.8,self_report,82.9,63,159.4,414.75,64.97425235121243,46,0.15665883628984312,561.0808888888888,466.44374999999997,94.63713888888884,5,1,-1.134922944664332
90cbbacc-73b7-4271-9a10-86fb111864a7,P011,7.18,335.3,self_report,108.7,99,100.4,333.25,63.69295191170645,48,0.19112663739446797,450.38933333333335,392.07500000000005,58.31433333333331,2,1,-0.015636979134362197
ce7e94a6-8f31-4563-b3a6-3c5aaa3f10cb,P011,9.3,233.6,self_report,126.6,80,69.6,330.1,57.283043483277574,45,0.17353239467821135,580.8444444444445,413.12711111111105,167.7173333333335,3,2,-0.8534017906377841
51c37710-d8f3-4ede-aee5-1e844792ec0c,P011,7.78,28.3,self_report,72.3,90,50.8,325.85,57.42291348327603,48,0.17622499150920984,418.58124999999995,369.81875,48.76249999999993,3,1,-0.38873230097768546
aae165a5-0515-4253-af72-8397cb11a4ea,P011,9.57,240.2,self_report,87.9,38,65.2,344.85,51.99597770688648,48,0.15077853474521233,418.46875,435.4488888888889,-16.980138888888916,2,0,0.44903251052573645
a60b6eef-7d95-467a-a1c7-5aabc4be30d6,P011,6.66,376.5,self_report,85.4,48,137.3,353.6,56.60249616132559,47,0.16007493258293434,486.0125,437.5428571428571,48.4696428571429,3,1,-0.38873230097768546
1cda414c-0e51-488b-b091-66019808eee5,P011,7.38,205.7,self_report,89.1,52,75.9,334.5,58.80214296132388,48,0.1757911598245856,441.5625,415.9217777777777,25.64072222222228,0,3,-0.19878531476791284
d76c079f-884e-40fb-901e-9b89ddcb1f6c,P011,9.45,149.2,self_report,86.0,64,60.2,348.25,52.04555935888855,50,0.14944884238015377,523.0122448979592,458.22857142857134,64.7836734693879,1,3,-0.5718806366112361
f3429d37-fa55-41e8-89fe-20fbebe98284,P011,7.0,328.5,self_report,128.5,85,60.7,365.65,62.42880082840243,48,0.1707337640596265,433.8375,478.7673469387756,-44.9298469387756,0,2,0.26588417489218574
f2ee0281-e743-4b7d-bcf8-087a04c7fcc8,P011,6.53,179.6,self_report,135.6,45,96.4,329.05,65.96774568487754,48,0.20047939731006698,481.90204081632646,419.1573333333333,62.744707482993135,2,0,0.44903251052573645
972128d7-4048-41c3-8839-dec65cb9b511,P011,8.85,154.2,self_report,106.2,53,196.3,332.4,57.96032906133263,49,0.17436922100280575,454.33750000000003,416.2560000000001,38.08149999999995,2,1,-0.015636979134362197
ccdc88fe-ff18-42d8-a065-b56a16633ddd,P012,4.18,180.5,self_report,95.0,68,96.4,412.7,63.866220791301465,49,0.15475217056288215,526.776888888889,501.0346666666667,25.742222222222267,2,0,0.44903251052573645
9e548dae-6515-40ee-b291-fe133da9d802,P012,6.59,61.2,self_report,127.7,76,105.7,391.45,55.70924669520257,50,0.14231510204420122,587.8775510204081,499.20816326530615,88.66938775510192,2,1,-0.015636979134362197
36c81293-210e-4d7f-86d2-816c9df84de6,P012,5.08,153.4,self_report,114.3,26,99.3,396.4,60.992051799009516,49,0.1538649137210129,549.3404444444444,427.55625,121.78419444444444,1,1,0.35745834270896104
6e4bcf0a-7bc5-4d3b-8103-b6a2d333ee32,P012,5.02,95.2,self_report,205.6,80,114.9,404.45,65.13806201620486,48,0.16105343556979815,494.1625,473.08088888888886,21.081611111111158,1,0,0.8221278323690597
88d68032-1363-462c-848e-65d795c7cafb,P012,6.02,193.9,self_report,122.6,45,25.2,386.25,69.39055175936697,50,0.17965191394010865,593.6378698224852,484.84977777777783,108.78809204470735,0,3,-0.19878531476791284
2417414c-14ac-4846-9314-deda49d5d7f4,P012,5.07,254.4,self_report,76.1,64,7.4,398.25,61.9248463522089,48,0.1554923951091247,629.45325443787,483.456,145.99725443786997,4,3,-1.691166602141206
218496da-4270-41d5-8e48-3b45f2de6b2d,P012,4.74,172.2,self_report,0.0,92,90.3,401.35,58.24834301207616,48,0.14513104026928159,498.33244444444443,450.4746666666667,47.857777777777756,2,1,-0.015636979134362197
88864552-692d-4319-85e9-bc4ed23fc183,P012,5.39,243.2,self_report,103.6,35,103.1,405.55,62.77204892729417,50,0.1547825149236695,522.7918367346939,544.1224489795917,-21.330612244897793,1,1,0.35745834270896104
d2b05e31-b404-431c-8958-1c2739edf595,P012,4.91,225.5,self_report,76.1,13,127.4,400.3,61.59410766168671,49,0.15386986675415115,523.072,515.9673469387756,7.10465306122444,2,1,-0.015636979134362197
bd86efea-a7ed-42f9-9dfe-08a2ae43bdbe,P012,5.03,172.4,self_report,121.6,62,94.9,399.2,69.44939232532619,47,0.17397142366063675,559.2248888888888,528.2631111111111,30.961777777777684,1,2,-0.10721114695113756
ba959ee2-876f-49e8-9f04-a86796284a27,P013,6.45,254.7,self_report,85.6,119,48.5,366.0,62.97032566926755,48,0.1720500701346108,489.9555555555555,489.46938775510205,0.4861678004534724,1,0,0.8221278323690597
6de59bae-5464-49ad-b243-a2e52946ce3d,P013,7.62,208.4,self_report,52.0,63,26.1,353.2,59.53207290260968,49,0.1685506027820206,484.8853333333333,518.2530612244898,-33.367727891156505,3,0,0.07593718868241317
9ee0ae6f-6619-4654-b88d-9fb075639271,P013,7.35,202.2,self_report,65.5,36,112.8,373.75,60.63330132534372,48,0.16222956876346148,723.7157024793388,439.03125,284.6844524793388,2,0,0.44903251052573645
539be576-2a36-4a9c-9f03-48af1d1ebb57,P013,7.04,321.9,self_report,76.9,86,182.4,373.45000000000005,60.90814968425149,50,0.16309586205449586,544.3673469387755,513.4040816326531,30.96326530612248,3,3,-1.3180712802978827
4d78ee40-5233-4185-905d-18d48e1660a6,P013,9.4,237.6,self_report,110.8,46,110.5,363.75,63.02999962764735,50,0.17327834949181403,462.74375,444.53125,18.212499999999977,0,1,0.7305536645522843
9176b9d0-02c1-45ed-890b-47e422653970,P013,8.24,384.1,self_report,77.7,57,12.7,390.9,56.722771441459024,50,0.14510813876044776,550.3905325443786,417.4435555555556,132.94697698882305,1,1,0.35745834270896104
13c35117-f931-432e-a096-ef6c51493ac4,P013,8.66,207.7,self_report,49.2,22,107.9,355.75,56.99997258771271,48,0.16022479996546088,534.7183673469387,446.25306122448984,88.46530612244891,1,3,-0.5718806366112361
6e06f3d3-0019-4e3f-b205-7e1a157567db,P013,7.88,178.3,self_report,107.5,71,167.7,374.9,65.66802557815588,49,0.17516144459364066,518.8124444444444,452.56533333333334,66.24711111111105,0,1,0.7305536645522843
a67e56ae-4c7c-4cd9-a71c-6b63329b0901,P013,6.59,374.8,self_report,63.3,41,44.2,380.7,60.7346638971922,47,0.15953418412711373,500.7502222222222,512.8899408284025,-12.139718606180281,4,2,-1.2264971124811073
77bd3037-6ced-43cf-8a87-547fdeac4e47,P013,7.91,253.1,self_report,123.1,41,26.6,348.75,63.85594105612465,50,0.18309947256236458,516.2666666666667,454.78399999999993,61.48266666666672,3,2,-0.8534017906377841
0df3db3b-09c0-41ed-963e-a85fdc49c548,P014,5.73,240.0,self_report,88.8,29,136.4,407.95,68.12495910598031,48,0.16699340386317027,559.0044444444444,471.85,87.15444444444438,2,1,-0.015636979134362197
f33787a3-6193-452f-bf1e-a9809841f2de,P014,5.91,217.0,self_report,107.8,109,75.4,403.55,58.049774244652085,46,0.14384778650638602,629.708875739645,493.26875000000007,136.44012573964494,2,0,0.44903251052573645
2b92fd9a-ee1d-412c-ad9c-a6669b79eb4b,P014,5.75,301.3,self_report,123.4,63,137.0,406.4,68.34349644410705,48,0.16816805227388545,578.4163265306123,548.4781065088757,29.938220021736583,4,2,-1.2264971124811073
537936a9-eb29-4060-ae21-e74dc9c5479f,P014,5.7,377.9,self_report,111.7,60,102.0,411.4,56.30600069518092,50,0.1368643672707363,581.6426035502958,490.01955555555554,91.62304799474026,4,1,-0.7618276228210088
f04850a1-3d95-48e7-b208-28848f22dfe9,P014,5.38,144.4,self_report,150.4,90,127.1,410.35,69.1960619946495,48,0.16862693309284635,633.7325443786982,546.0326530612244,87.69989131747377,3,4,-1.7827407699579814
8756b3a0-d022-4d8a-904a-b6cd4beca379,P014,5.68,216.1,self_report,99.4,62,160.8,407.29999999999995,57.59437025377633,48,0.14140527928744498,558.7057777777777,523.7714285714285,34.934349206349225,1,1,0.35745834270896104
836e8579-e8c7-4122-ab5a-90129a4f2255,P014,7.26,270.1,self_report,39.5,56,85.0,400.3,69.19402007710696,47,0.17285540863629018,554.8657777777777,474.04088888888884,80.82488888888884,2,0,0.44903251052573645
eb0c95e6-ed44-4cc7-8f25-3a101610d680,P014,4.24,329.2,self_report,71.4,59,142.5,415.35,57.92933787863227,48,0.13947113971020167,749.8710743801654,508.30933333333337,241.56174104683203,0,3,-0.19878531476791284
3a802598-6ccb-4705-9040-3e372d2c8047,P014,6.11,105.0,self_report,89.3,38,41.0,412.9,63.97351565130084,48,0.15493706866384319,555.2244897959183,465.4,89.82448979591834,2,1,-0.015636979134362197
83398e12-979d-458b-8e2f-13e7d793effb,P014,6.59,348.2,self_report,31.1,26,179.0,419.45000000000005,59.2541872799221,50,0.14126638998670185,645.1029585798817,533.6035555555555,111.49940302432617,2,1,-0.015636979134362197
283df87f-d865-45cb-84a8-5029572f9655,P015,5.88,203.4,self_report,108.4,76,126.6,345.4,59.11252997461706,50,0.17114224080665044,545.0285714285714,513.4777777777778,31.550793650793594,1,2,-0.10721114695113756
f03bc1a5-3204-4a3f-b550-d97b0a77f1a0,P015,6.72,255.3,self_report,26.5,58,138.7,351.3,68.58289902822457,49,0.1952260148825066,510.83265306122445,402.56,108.27265306122445,3,2,-0.8534017906377841
c7718ba1-7c50-4679-b1cf-b424652faeff,P015,6.08,169.3,self_report,127.2,79,105.4,350.0,58.33523138214301,50,0.16667208966326574,564.8094674556214,530.9222222222222,33.8872452333992,3,1,-0.38873230097768546
c2e49c80-15ef-4ab0-a556-103d767d9a38,P015,8.06,277.3,self_report,69.5,48,93.9,358.6,63.214049367327874,49,0.17628011535785798,470.52500000000003,391.90625,78.61875000000003,1,1,0.35745834270896104
a7170713-4be6-47b5-a132-85dea1c7f834,P015,7.87,114.3,self_report,139.6,108,113.5,351.9,57.13366369735333,48,0.1623576689325187,497.2244897959184,409.5857777777777,87.63871201814067,3,0,0.07593718868241317
143f536d-03bf-46c5-aa50-f118514304b8,P015,8.06,206.8,self_report,71.3,70,14.4,366.8,69.0621654383604,48,0.1882828937796085,484.79288888888897,445.98044444444446,38.81244444444451,2,2,-0.4803064687944608
1363ea34-556e-4f11-96f4-73959c78a716,P015,5.7,174.9,self_report,83.4,40,99.3,361.20000000000005,60.02240143037754,50,0.1661749762745779,472.34133333333335,438.8408888888889,33.50044444444444,2,1,-0.015636979134362197
a5576f8a-8542-4e02-a312-b0311303e08c,P015,7.8,327.6,self_report,186.6,52,161.0,363.15,61.15414064836259,48,0.16839912060680876,465.0311111111111,450.0326530612244,14.998458049886722,2,1,-0.015636979134362197
111bb759-c3cc-4efc-b26b-4b0750e2c612,P015,7.47,135.9,self_report,112.7,37,114.3,353.9,67.59450898229694,49,0.19099889511810383,447.31875,440.12088888888894,7.197861111111081,0,1,0.7305536645522843
7239bc41-9eeb-4ff7-a300-feefce82014c,P015,7.22,151.2,self_report,35.6,90,113.6,321.4,58.82296932856286,47,0.18302106200548496,460.94933333333336,464.72653061224486,-3.777197278911501,1,2,-0.10721114695113756
0e250655-f694-452b-a1c7-50d56d2acfcd,P016,8.56,35.0,self_report,98.6,79,54.6,432.5,62.74938802856314,50,0.14508529023945235,546.1973333333334,508.59377777777786,37.603555555555545,1,2,-0.10721114695113756
49d80725-e78e-431d-b8c5-72b476d57dea,P016,6.79,149.8,self_report,89.9,45,32.4,434.6,54.03906886008776,50,0.12434208205266396,573.8951111111112,488.79375000000005,85.10136111111115,1,3,-0.5718806366112361
428cb710-d28a-46d8-8ced-f5cf9e31b62a,P016,8.36,229.6,self_report,85.2,61,71.8,425.1,54.10269249338717,49,0.12727050692398767,559.8648888888889,547.5755102040818,12.289378684807161,1,0,0.8221278323690597
996e084d-b86c-4abe-a074-5f1442abe0c9,P016,6.49,230.7,self_report,63.3,38,81.3,440.9,60.76996473543142,49,0.1378316278871205,585.3387755102041,557.2489795918367,28.089795918367372,4,0,-0.2971581331609101
24224a1a-7280-42b9-80a0-3730bebb47a0,P016,6.79,314.6,self_report,135.1,67,74.3,416.0,65.39018075977401,49,0.15718793451868754,595.2995555555556,530.9013333333334,64.39822222222222,0,1,0.7305536645522843
0089cc4f-f379-4c50-8277-59d156926df4,P016,6.85,261.1,self_report,39.2,58,40.4,428.5,55.99825146079712,49,0.13068436746977158,587.0648888888888,537.59375,49.471138888888845,1,1,0.35745834270896104
ad4718c6-df18-45dd-96fe-df1c092d2cc1,P016,6.55,289.9,self_report,97.5,42,156.1,436.15,64.62445655971351,48,0.14817025463650926,554.5315555555555,564.4489795918369,-9.917424036281318,3,0,0.07593718868241317
003cc232-0201-48e0-9571-f33cc129ae19,P016,6.51,158.9,self_report,125.5,69,148.5,418.7,63.797052130519454,49,0.1523693626236433,562.8302222222222,496.36875,66.46147222222226,0,0,1.195223154212383
7f480c96-776d-4014-8e9a-5b082e437fa3,P016,7.11,50.0,self_report,52.7,76,55.9,429.95,55.403383415433666,50,0.12886006143838508,501.81875,506.24711111111117,-4.428361111111144,2,1,-0.015636979134362197
6ab417d5-2044-4642-bb78-711a2caf60e1,P016,5.63,260.2,self_report,31.1,37,94.6,448.1,49.436150121442374,48,0.11032392350243779,632.3591836734694,527.1751111111112,105.18407256235821,4,1,-0.7618276228210088
214ff5f6-5af7-4b76-a57d-b93607d4ea18,P017,7.71,167.0,self_report,37.5,68,59.5,366.2,69.92785008626446,49,0.19095535250208753,488.3271111111111,505.0448979591837,-16.717786848072592,2,0,0.44903251052573645
ba00b2b4-db8d-4642-8631-9f9739ccf6f0,P017,8.6,272.0,self_report,28.4,44,19.7,365.6,67.2593486607587,48,0.18396977204802709,494.4568888888889,452.6151111111111,41.84177777777779,1,0,0.8221278323690597
63a85471-5ac3-4b66-8eb5-0f8058c05f4e,P017,7.18,235.5,self_report,70.7,107,33.6,375.8,54.83784468032705,49,0.14592295018713958,447.79375,572.1562130177516,-124.36246301775162,1,2,-0.10721114695113756
a78a8e15-8a3a-400d-abe4-0c6c274ea100,P017,8.3,154.3,self_report,101.8,74,61.7,394.15,58.13869865788752,50,0.14750399253555124,514.1714285714287,450.4675555555556,63.703873015873114,3,3,-1.3180712802978827
c1ad7a20-68c3-4c91-8018-439fd3a4a800,P017,5.42,237.2,self_report,84.3,82,29.2,372.25,60.1908253888656,48,0.16169462831125747,458.73125,612.495867768595,-153.76461776859497,1,0,0.8221278323690597
99d8a943-7579-4638-b822-8c70410431be,P017,8.01,215.2,self_report,91.9,28,133.4,384.29999999999995,70.82712212543602,50,0.18430164487493111,558.8639053254439,443.78749999999997,115.07640532544389,4,2,-1.2264971124811073
dbeee11b-47f8-4920-9156-25a8caac1c32,P017,7.3,203.2,self_report,76.3,47,48.8,364.70000000000005,56.16367418422998,48,0.15399965501571147,511.5020408163265,425.40625,86.09579081632648,2,0,0.44903251052573645
54f273c8-b712-4c08-9c8f-022925a02778,P017,8.23,173.7,self_report,160.2,85,0.0,371.85,71.40758631737575,50,0.1920333099835303,479.45625,487.4530612244898,-7.996811224489761,0,2,0.26588417489218574
077cff1f-612a-40fd-82fb-14a12ca2f644,P017,7.52,269.9,self_report,169.0,54,87.6,362.2,65.43872113209622,48,0.18067013012726732,486.84799999999996,493.5265306122449,-6.67853061224497,2,2,-0.4803064687944608
41aa5f65-4474-41da-a015-cf57b8786cda,P017,6.66,197.2,self_report,111.6,52,131.4,350.4,59.66638850028269,49,0.1702807890989803,597.7562130177514,434.05625,163.69996301775143,0,2,0.26588417489218574
790a4580-cf84-485e-9bf4-5e107a193da7,P018,7.62,292.9,self_report,66.4,60,88.0,350.7,72.22800175547329,48,0.20595381167799626,620.6942148760331,439.5235555555556,181.1706593204775,2,2,-0.4803064687944608
c624df27-a8ab-4cf4-869c-e8d5880aac90,P018,9.04,307.3,self_report,41.7,60,80.8,339.6,57.776667724379294,49,0.17013153040158802,411.7625,439.96734693877545,-28.20484693877546,2,1,-0.015636979134362197
62e25881-0fdb-427c-ac9a-672e4a10048a,P018,8.96,82.4,self_report,40.5,34,43.3,339.6,58.298515167612095,49,0.17166818365021227,462.84088888888886,439.45244444444444,23.388444444444417,0,1,0.7305536645522843
a5a522ea-88f9-4a7b-a9e9-4512fd72fbbb,P018,7.27,335.2,self_report,79.5,67,159.6,349.9,73.83787074622835,47,0.21102563802866062,447.35625,482.39183673469387,-35.03558673469388,4,0,-0.2971581331609101
bfe27c0b-b53d-403b-bce1-1768c79e20f1,P018,7.29,387.4,self_report,66.4,74,78.3,347.7,53.67855313182845,49,0.15438180365783277,499.9836734693878,440.36266666666666,59.621006802721126,4,2,-1.2264971124811073
57bc6f2a-2640-4ab0-87da-d8c1cf338e50,P018,6.77,204.4,self_report,72.9,68,61.0,352.1,60.65510267167147,47,0.17226669318850174,458.1902222222223,514.480473372781,-56.29025115055873,1,0,0.8221278323690597
1dcfb711-a419-4ded-9002-51af0a6f715b,P018,9.48,146.0,self_report,5.9,81,99.8,356.65,51.570464731792576,50,0.1445968448949743,480.9457777777778,403.8,77.14577777777777,2,2,-0.4803064687944608
e7aa9b7d-e633-4847-b24e-f93070bef15d,P018,8.32,323.9,self_report,133.0,67,78.5,379.5,63.324259867408664,49,0.16686234484165655,508.63673469387766,489.9881656804734,18.648569013404256,0,2,0.26588417489218574
5d2ead20-1cca-42a8-a301-8db556f72054,P018,6.93,321.8,self_report,70.4,62,41.7,351.9,73.62897321896394,49,0.20923266046878072,494.25777777777785,436.23822222222225,58.0195555555556,1,1,0.35745834270896104
d74ce88e-585b-41ef-a37d-3b4e48fc0992,P018,7.65,241.6,self_report,58.9,74,87.7,354.8,51.0770279980702,49,0.14396005636434667,457.9555555555555,403.54999999999995,54.405555555555566,1,1,0.35745834270896104
caac14f0-501d-4700-a6d4-e5ec00252ba1,P019,8.33,135.8,self_report,30.7,56,82.1,446.25,59.06883354712838,46,0.13236713399916725,590.912,656.6444444444444,-65.73244444444435,1,0,0.8221278323690597
2feb5bcc-8947-44ea-9442-abd6367754da,P019,7.81,313.2,self_report,110.0,24,121.3,468.1,60.6062844033824,49,0.12947294254087247,556.295111111111,585.7795918367347,-29.484480725623598,1,1,0.35745834270896104
ce66fad0-5378-45c1-88a4-59928e9bea3c,P019,7.31,235.0,self_report,41.7,29,127.0,451.35,51.34868799865945,50,0.11376689486797263,659.1183673469387,515.59375,143.52461734693873,0,3,-0.19878531476791284
2a8621b6-c0d0-46a3-bdec-0d8266bd6d85,P019,8.49,385.9,self_report,133.8,16,30.6,449.7,60.59077007630548,48,0.1347359797115977,555.2124999999999,510.90625000000006,44.30624999999981,2,1,-0.015636979134362197
af6d5a03-0f55-4133-904e-73c372b43164,P019,7.81,143.6,self_report,80.6,66,107.9,456.70000000000005,59.28579143850035,48,0.12981342552769945,570.872888888889,556.4163265306123,14.456562358276642,2,1,-0.015636979134362197
e8d9b2b6-8524-4951-bde0-374e082adf1a,P019,7.5,213.7,self_report,83.1,8,115.7,458.55,61.02139008830574,46,0.13307467034850232,625.8367346938776,522.2125,103.62423469387761,1,4,-1.036550126271335
2e645dca-b9e4-4a03-8075-a9054ba437a3,P019,8.77,62.5,self_report,159.9,79,100.4,440.4,62.35850984428669,49,0.14159516313416595,640.1420118343195,524.4159999999999,115.72601183431959,4,0,-0.2971581331609101
620535ef-a34f-419c-9f0f-1473a82470a9,P019,8.35,227.1,self_report,68.2,36,92.6,442.65,52.52672338331942,50,0.11866423445909731,584.8888888888889,620.6295857988165,-35.74069690992758,4,1,-0.7618276228210088
5ad8da18-6a34-48c1-812e-aa8a2d8aad95,P019,8.01,263.5,self_report,155.8,60,109.4,442.9,55.12102469970581,49,0.12445478595553357,801.8888888888888,562.3537777777779,239.53511111111095,1,3,-0.5718806366112361
5d0c2d93-dbff-4d8a-a0cc-6275887dfbcc,P019,7.46,214.7,self_report,122.9,94,38.3,444.2,59.8404303865166,49,0.13471506165357183,608.1066666666666,612.553846153846,-4.447179487179483,3,3,-1.3180712802978827
48fa36ed-619a-4bd9-a6d5-e9668be7ba31,P020,7.42,232.5,self_report,133.5,38,92.4,390.3,59.92323448056058,49,0.15353121824381394,578.8816326530612,556.9632653061225,21.91836734693868,1,1,0.35745834270896104
6eca081b-d759-452b-b49d-c05f764f0982,P020,6.9,263.8,self_report,72.5,43,104.9,395.3,56.04117162110967,49,0.14176871141186356,552.0071111111112,483.99375,68.01336111111118,2,1,-0.015636979134362197
a5a9c05d-0bee-4a57-bf8d-bf0bcbaa3e34,P020,9.4,225.4,self_report,125.9,55,125.9,389.8,57.3744372517391,47,0.14718942342672936,536.1714285714285,486.0979591836735,50.07346938775498,0,1,0.7305536645522843
a50af683-e009-422e-bc12-659c1a979c09,P020,7.93,188.9,self_report,119.6,85,34.4,398.7,61.66103635404873,48,0.15465522035126344,563.4122448979591,502.68444444444447,60.72780045351465,1,2,-0.10721114695113756
63dd292d-18ba-4352-9806-03b0636f2cab,P020,6.64,222.4,self_report,35.0,32,36.7,418.3,57.708682413497726,47,0.13796003445732183,655.0111111111111,484.69387755102036,170.3172335600907,3,2,-0.8534017906377841
24a046f8-75c7-4f98-9f07-f4c047192097,P020,8.66,132.6,self_report,22.8,59,87.1,395.5,64.98107822504598,47,0.16430108274347907,521.6355555555556,553.1020408163265,-31.466485260770924,1,4,-1.036550126271335
e3389d9f-19c4-4ebd-a183-a5e35d8bcf46,P020,5.96,245.9,self_report,23.1,110,73.8,407.0,49.2719840502176,50,0.1210613858727705,523.4417777777777,560.908875739645,-37.46709796186735,3,0,0.07593718868241317
6ad8e1b3-2404-4001-ad48-edea10408892,P020,8.17,107.2,self_report,86.1,28,50.9,398.54999999999995,67.56688487519304,48,0.16953176483551136,534.7271111111111,531.7404444444446,2.9866666666664514,1,2,-0.10721114695113756
28816665-7518-4c1e-a955-b958cbd37c0c,P020,9.32,120.6,self_report,124.3,53,71.2,391.1,60.78860475520973,48,0.1554298255055222,553.2302222222223,591.6023668639053,-38.37214464168301,1,2,-0.10721114695113756
3c6ff776-cdf0-432c-aa02-2eabafbe90b9,P020,5.35,303.9,self_report,122.7,46,37.3,406.3,56.03822124957507,50,0.13792326175135383,529.8702222222222,453.99466666666666,75.87555555555554,2,1,-0.015636979134362197
ab7b25a3-9539-4faa-bc55-5bafa0cf2be3,P021,5.29,115.5,self_report,93.6,61,143.4,321.8,60.87511059649959,49,0.1891706357877551,533.211111111111,430.97959183673464,102.23151927437635,3,0,0.07593718868241317
4563bf47-3ed5-4953-bfe0-3e16f4dce958,P021,6.15,316.3,self_report,99.1,9,30.5,301.85,64.7468135217826,50,0.2144999619737704,470.7591836734694,380.69999999999993,90.05918367346948,2,1,-0.015636979134362197
e7be29e3-018e-47c0-8459-251414ea6ae4,P021,6.21,178.2,self_report,60.0,30,125.5,324.4,56.221166447678634,48,0.17330815797681454,471.87692307692305,460.06530612244893,11.811616954474118,3,3,-1.3180712802978827
993de95a-4a0e-47ad-89fe-1cada5abb223,P021,6.51,243.0,self_report,91.3,83,128.3,311.75,63.186469263278056,50,0.20268314118132497,426.64489795918365,388.975,37.66989795918363,1,1,0.35745834270896104
0288e852-6545-453a-8983-dc85ace2f616,P021,5.16,203.0,self_report,176.3,50,54.3,315.8,56.411189811888455,48,0.1786294800883105,441.82755555555553,403.52000000000004,38.307555555555496,2,3,-0.9449759584545594
f92072a9-012b-46cb-8a4a-c10065815b0f,P021,5.7,393.8,self_report,208.5,56,100.0,318.95000000000005,60.578353183262884,46,0.18993056335871727,420.50625,405.53244444444437,14.973805555555657,1,2,-0.10721114695113756
b5832bbf-956b-4af1-a632-a48a37338c03,P021,5.17,250.2,self_report,129.8,74,150.1,308.0,57.71600153036471,50,0.18738961535832696,426.61875,366.6875,59.93124999999998,1,2,-0.10721114695113756
5344878d-5409-4879-9668-3d75f8997a99,P021,6.31,121.5,self_report,106.5,74,133.0,296.2,49.54354908809238,47,0.16726383891996077,385.61875,433.73061224489805,-48.11186224489808,2,1,-0.015636979134362197
dfd3e56e-3467-4b6c-ad2a-0c60f1593bbc,P021,5.21,99.0,self_report,91.0,63,138.7,339.8,56.02123694958639,48,0.1648653235714726,418.4248888888889,377.25625,41.16863888888889,2,1,-0.015636979134362197
bb666067-9071-4600-b22f-27e233456143,P021,3.75,276.5,self_report,100.6,94,69.8,322.6,75.28266286623563,49,0.23336225315014142,397.29375,376.79375,20.5,1,0,0.8221278323690597
840cf8cb-9c33-4499-9e5e-72d4f4dfe81c,P022,7.37,343.4,self_report,106.3,69,183.8,415.04999999999995,67.48119937807526,48,0.16258571106631795,612.5633136094674,473.37955555555556,139.18375805391184,2,0,0.44903251052573645
2c5d8678-95e5-4144-a2ae-23d9a43a77c2,P022,7.96,291.2,self_report,58.8,85,102.3,412.5,64.85200020255435,49,0.15721697018801054,538.7448888888889,472.21875,66.52613888888891,1,3,-0.5718806366112361
6c4956d9-e796-4dbb-9891-82211d52f9eb,P022,6.76,198.8,self_report,85.0,40,122.7,394.1,54.97568111614804,48,0.139496780299792,502.35625,456.64000000000004,45.716249999999945,0,1,0.7305536645522843
fbc136e7-f8b1-492a-9cb7-57c06c33ac86,P022,6.6,337.5,self_report,56.1,101,90.1,417.4,56.815413750081674,47,0.1361174263298555,599.9673469387754,494.4081632653061,105.55918367346936,0,1,0.7305536645522843
b2da5a8b-0411-43c4-b028-e310994dcdc0,P022,5.64,207.7,self_report,134.0,26,53.7,414.6,60.38286839460069,47,0.1456412648205516,535.9187499999999,490.19733333333323,45.7214166666667,0,1,0.7305536645522843
11380e39-9abf-46cf-866a-87960054f952,P022,6.46,235.7,self_report,60.2,48,74.8,390.0,54.95132718000118,49,0.14090083892307995,471.13125,480.0639999999998,-8.932749999999771,2,1,-0.015636979134362197
4e12a27d-23b6-42a9-8bfb-486422a6b219,P022,7.12,150.8,self_report,68.5,116,56.7,406.4,57.88481657391616,49,0.14243311164841577,553.7777777777777,445.0,108.77777777777771,1,0,0.8221278323690597
eeb5458b-9358-44c9-8f82-20cd6d44efff,P022,6.6,61.3,self_report,144.1,65,161.0,390.6,50.36130276637542,50,0.12893318680587665,535.7226666666667,532.3183673469388,3.4042993197278975,2,2,-0.4803064687944608
6d9f4215-cbcc-482a-a1db-9daea095a39c,P022,8.26,244.9,self_report,35.4,25,74.1,396.25,59.52782014678994,50,0.15022793727896516,550.7346938775511,453.3973333333332,97.33736054421786,3,3,-1.3180712802978827
c734a50d-3577-4a52-988d-eae8d399745b,P022,6.34,294.6,self_report,39.1,78,14.2,385.45,54.26289290015526,46,0.14077803320834156,535.1964444444444,587.796449704142,-52.60000525969758,3,1,-0.38873230097768546
d7398d4b-5f00-49e9-a8dd-afe246911caa,P023,6.28,173.0,self_report,105.7,129,85.5,361.7,61.37724475299773,49,0.16969102779374545,467.975,441.50625,26.46875,0,0,1.195223154212383
bfa5855d-a0ed-4ae1-9678-a5a651a2ba9f,P023,7.54,229.0,self_report,168.1,133,63.0,353.4,63.73509669734885,50,0.18034832115831595,455.18933333333337,458.8373333333333,-3.647999999999911,6,3,-2.4373572458278523
e0d04488-55b5-4921-bc14-367fa92e801f,P023,7.02,252.1,self_report,18.9,17,160.8,358.4,62.531212886317924,49,0.17447325024084243,454.0125,427.9680000000001,26.044499999999914,1,1,0.35745834270896104
aac53489-e355-4bb3-ae49-bc14d022df94,P023,8.57,164.5,self_report,130.2,65,0.0,357.25,52.655586409628405,48,0.14739142451960366,546.2775510204082,419.5484444444444,126.72910657596378,0,2,0.26588417489218574
8786bcec-e199-4245-9396-4434369d7331,P023,7.08,215.5,self_report,63.4,115,47.0,362.5,70.92992092041364,47,0.19566874736665832,531.2852071005917,517.4857142857144,13.79949281487734,2,1,-0.015636979134362197
ceb867e2-54f6-4568-9c59-3bcd58658c21,P023,6.86,101.5,self_report,101.2,58,124.3,367.1,54.79990519009626,49,0.14927786758402686,544.0244897959184,434.65,109.37448979591841,1,1,0.35745834270896104
d1b0e05b-8e7c-42b5-9112-cb814a7e07d4,P023,5.77,190.3,self_report,11.7,60,125.5,352.1,57.06788243646608,49,0.16207862094991785,543.7349112426035,591.4181818181819,-47.683270575578376,1,1,0.35745834270896104
0fdda766-2205-4085-9cd6-dde9b710a0bf,P023,6.05,209.1,self_report,143.5,84,28.0,339.35,61.550765508593585,50,0.18137841611490668,494.1013333333333,522.3005917159763,-28.199258382643052,0,1,0.7305536645522843
ada6734a-3c6a-465a-9d59-f1ee30f51349,P023,5.68,308.0,self_report,136.7,0,117.7,349.0,56.76545306992662,48,0.16265172799405908,485.1697777777778,507.70612244897956,-22.536344671201732,2,0,0.44903251052573645
650ed787-3b30-4b8d-907a-1c41b7d0f06a,P023,5.92,213.5,self_report,81.5,31,3.1,359.0,60.55320619209064,48,0.16867188354342796,556.9798816568048,440.02133333333325,116.95854832347152,0,2,0.26588417489218574
7ed92d87-4818-412e-93a9-9e8296e7fe49,P024,7.82,114.5,self_report,121.4,64,99.1,398.25,75.05025867064425,50,0.1884501159338211,559.5733333333334,433.125,126.44833333333338,1,1,0.35745834270896104
5b87172e-40d9-4658-9f92-7111b2d3c3ef,P024,7.76,199.7,self_report,22.9,60,142.2,387.2,60.726626947395665,50,0.15683529686827394,495.8125,524.1061224489796,-28.29362244897959,1,0,0.8221278323690597
30eb5ebd-88d6-4990-ac07-ab26a4e92a6a,P024,6.29,199.0,self_report,74.1,66,107.0,394.8,57.71468095002451,48,0.14618713513177434,551.8775510204082,536.7918367346939,15.085714285714289,3,1,-0.38873230097768546
58984a24-57b3-490b-98cc-26bc5b66a596,P024,7.18,248.5,self_report,53.2,36,140.7,386.35,57.66414897968253,50,0.14925365337047372,509.824,475.90399999999994,33.92000000000007,2,1,-0.015636979134362197
54e5a7e8-6ea6-42de-a05c-8a71efd6477a,P024,7.3,252.7,self_report,42.1,34,0.0,394.20000000000005,59.4483040385613,50,0.15080746838802966,497.2,466.76622222222227,30.43377777777772,2,0,0.44903251052573645
60a0eda1-034b-4a26-af3a-27d87783c8b3,P024,6.69,216.4,self_report,107.8,80,63.1,400.1,68.22057828867193,50,0.17050881851705055,526.904888888889,453.26222222222225,73.64266666666674,2,0,0.44903251052573645
76af6c50-c82f-4733-bf5f-5ea15f09e87a,P024,5.76,89.4,self_report,41.5,11,68.1,407.3,57.08977252127225,50,0.1401663946016996,633.6189349112427,576.1325443786983,57.48639053254442,0,3,-0.19878531476791284
95716aa9-2798-41ff-a15c-45ec9a71f0e1,P024,7.93,392.2,self_report,0.0,54,156.9,413.1,61.51221105730299,47,0.1489039241280634,505.7777777777777,478.8977777777776,26.88000000000011,3,1,-0.38873230097768546
fac8236c-3191-4d36-b48f-b15ee3fb95b4,P024,7.48,246.0,self_report,79.0,35,147.7,400.0,64.29160779863368,49,0.1607290194965842,531.5128888888888,491.7973333333333,39.71555555555551,3,0,0.07593718868241317
bdc983f5-e2c7-4aae-b79d-c2c7c3d10d8c,P024,6.84,162.7,self_report,78.3,88,123.8,395.35,63.301523424857656,48,0.16011514714773656,539.2568888888889,481.3511111111111,57.90577777777776,0,2,0.26588417489218574
34d47dc6-8653-4d33-88ee-b86a67100f31,P025,6.86,242.7,self_report,152.7,91,109.3,393.0,62.922179760258736,49,0.16010732763424615,477.82500000000005,441.5875,36.23750000000007,1,1,0.35745834270896104
6566ed7c-41bc-4696-8f4d-e3b17f3ba01d,P025,7.11,204.2,self_report,116.3,41,88.1,404.65,48.53784882044055,46,0.1199502009648846,484.28125,560.2888888888889,-76.00763888888889,3,1,-0.38873230097768546
f6d0e141-35fe-43d7-a897-b5c27de48e3a,P025,7.04,348.6,self_report,71.3,43,3.0,374.6,43.70356106772079,49,0.11666727460683605,569.7714285714286,460.5297777777777,109.24165079365088,0,0,1.195223154212383
d0ef4f61-2d79-4280-84fa-b9c044ca4616,P025,8.12,200.3,self_report,104.9,124,99.9,388.5,61.93672881134699,49,0.15942529938570654,611.4857142857143,510.9714285714286,100.51428571428568,2,0,0.44903251052573645
00743eb9-8919-4560-bf67-80eb21fbebb7,P025,6.24,414.3,self_report,140.7,69,17.9,395.3,52.45296346108903,49,0.1326915341793297,501.37600000000003,474.97959183673464,26.39640816326539,0,1,0.7305536645522843
071ca7fc-ec46-4564-a576-144521e57326,P025,7.98,235.9,self_report,63.9,64,88.7,359.95000000000005,59.70599053798914,50,0.1658730116349191,564.3455621301775,461.6462222222222,102.69933990795533,0,1,0.7305536645522843
a4de0623-dce6-4033-a967-17759397e622,P025,7.27,34.0,self_report,131.5,83,2.1,359.9,57.735451387676655,49,0.16042081519221077,660.2333333333333,477.9022222222221,182.33111111111123,0,2,0.26588417489218574
49cab704-f3bd-4565-b8bf-6d76a80f2a20,P025,7.26,324.6,self_report,54.6,73,75.1,393.3,63.508272168791095,48,0.1614753932590671,575.3061224489796,442.21875,133.08737244897964,1,1,0.35745834270896104
035313a6-4459-421b-aa65-cad8446f1f00,P025,8.32,199.6,self_report,85.9,47,117.2,389.7,62.74794553104785,49,0.1610160265102588,526.3918367346939,503.97866666666664,22.413170068027284,3,3,-1.3180712802978827
dd0030ce-c75c-4b09-b6a6-3ed9b67f96d9,P025,8.06,219.4,self_report,120.0,60,91.6,364.4,57.01437937733175,49,0.15646097523965904,577.3061224489796,459.02222222222224,118.2839002267574,0,3,-0.19878531476791284
08d50c29-fdb9-45ee-ba07-0a69b83c3558,P026,10.32,143.0,self_report,40.4,53,104.0,334.0,54.483652450563014,49,0.1631247079358174,502.80533333333335,477.07022222222224,25.73511111111111,3,1,-0.38873230097768546
e1d4cf99-16be-47d3-b683-8222d0e9b946,P026,8.03,316.7,self_report,151.2,47,158.8,351.35,62.909355693858636,46,0.17905039332249503,549.2,486.0408163265307,63.15918367346933,1,1,0.35745834270896104
2489701c-4008-4514-b2de-faa29b3490ff,P026,8.07,212.6,self_report,70.2,23,77.2,342.7,57.806797466503305,49,0.16868047115991627,529.6489795918367,421.21875,108.43022959183668,1,5,-1.5012196159314337
2308bd03-9d00-4bc7-975e-7bef0555d141,P026,8.1,272.2,self_report,107.6,64,42.8,356.4,56.59552960339214,49,0.15879778227663338,522.7673469387754,460.7146666666667,62.05268027210872,3,0,0.07593718868241317
5d6c903e-d20a-42c9-bc2a-cec2d6387fef,P026,9.62,80.1,self_report,72.2,20,38.9,362.4,57.83556523786189,48,0.15959041180425468,468.6293333333333,411.3,57.329333333333295,1,1,0.35745834270896104
b6552620-689e-48b3-9ab1-443f3fe5b3e4,P026,9.68,210.1,self_report,51.1,34,64.7,369.20000000000005,63.00672030885288,48,0.1706574222883339,535.9502222222222,445.9448888888889,90.00533333333334,2,0,0.44903251052573645
b787c44c-e351-413d-9431-a4c85a0fe206,P026,9.29,312.9,self_report,148.0,72,39.5,348.9,58.33467273031701,48,0.16719596655292923,605.2544378698225,448.68266666666665,156.57177120315583,1,2,-0.10721114695113756
ff14138e-e521-49df-a6d1-7d003cd81f8a,P026,8.7,185.6,self_report,96.3,77,156.9,351.7,66.25617879542578,50,0.18838833891221435,463.05625,483.1102040816326,-20.05395408163264,3,1,-0.38873230097768546
9218e5ea-ff7a-489b-8a2a-c465577dd137,P026,9.07,211.1,self_report,47.1,34,168.0,328.6,65.77109643186996,49,0.20015549735809482,471.46875,408.49375000000003,62.974999999999966,1,3,-0.5718806366112361
0fc0200e-fc55-4485-aed2-6d849548dd68,P026,9.63,205.4,self_report,77.2,55,140.1,364.7,72.1026751605384,49,0.19770407228006143,562.8081632653062,400.35,162.4581632653062,2,0,0.44903251052573645
dd6786a8-34e2-4e82-9b1b-3a07022da357,P027,6.16,224.7,self_report,124.3,57,0.0,389.4,63.6936267228236,48,0.16356863565183258,518.7555555555556,472.75625,45.999305555555566,0,1,0.7305536645522843
ad607202-3ffc-4913-ac1a-edaccfc9f892,P027,4.6,334.7,self_report,154.8,91,47.0,404.6,59.17475885641011,50,0.1462549650430304,557.3902222222223,524.873469387755,32.5167528344673,1,0,0.8221278323690597
12a56a73-0912-4d75-a288-371dbb64570d,P027,5.12,100.5,self_report,13.9,84,75.2,402.7,56.302671333780665,49,0.13981294098281766,479.4375,491.4285714285714,-11.991071428571388,1,1,0.35745834270896104
61d92bb6-ab89-4786-b1fb-9c72b56ce2ab,P027,6.31,243.5,self_report,123.6,76,111.4,397.1,61.11410752662196,50,0.1539010514394912,743.9338842975206,476.6625,267.2713842975206,3,2,-0.8534017906377841
67cc4d3a-8b9b-4c2f-9663-3fdcdcffb9d2,P027,6.04,218.1,self_report,67.8,43,118.2,390.35,54.75450968287677,50,0.14027029507589797,577.2816326530614,553.1591836734693,24.122448979592036,2,2,-0.4803064687944608
8ffe3987-c4b2-4fe0-b39a-9f96877b264c,P027,5.1,209.6,self_report,59.2,41,35.6,384.6,53.84426175173422,47,0.14000068058173223,582.0118343195265,441.8062222222222,140.20561209730437,0,0,1.195223154212383
ec82160d-44f3-4e3b-9dd8-a9de8ece9e75,P027,5.35,217.2,self_report,117.1,107,8.5,405.0,64.52567747137644,46,0.1593226604231517,523.9964444444445,509.80266666666665,14.193777777777825,0,2,0.26588417489218574
85cfc7db-2894-4ee5-b5e0-c006f21d731c,P027,7.01,181.0,self_report,0.0,31,139.1,390.25,51.76316116432038,48,0.13264102796750898,508.33125,525.6489795918368,-17.31772959183678,1,2,-0.10721114695113756
289ff943-ef6d-41fe-bde0-34ab6a390dd8,P027,6.02,260.1,self_report,114.2,88,78.6,392.6,62.21890750755639,47,0.15847913272429034,526.8408888888888,460.31875,66.52213888888878,1,3,-0.5718806366112361
32c83dcf-0935-40f3-a594-8b916e28de97,P027,6.54,167.7,self_report,107.1,63,63.4,395.1,58.24346610079403,45,0.147414492788646,575.6081632653062,516.938775510204,58.66938775510221,1,4,-1.036550126271335
49ede17a-9034-4b8c-a158-ac35d8f8c248,P028,7.87,202.6,self_report,168.2,28,194.1,338.0,59.29764980303285,48,0.17543683373678357,438.49375,473.265306122449,-34.771556122449,0,2,0.26588417489218574
d9da2d1b-8fd8-4d94-9387-a3f56dd7708e,P028,8.02,167.6,self_report,106.4,16,0.0,339.7,60.309120812622446,48,0.17753641687554444,475.86133333333333,546.0333333333334,-70.17200000000008,0,1,0.7305536645522843
f55f3bcd-bb9e-4df2-b634-ffc35e6f9610,P028,6.53,270.4,self_report,96.5,58,57.8,348.2,53.925385762272754,48,0.15486899989165065,491.7191111111111,408.78222222222223,82.93688888888886,2,2,-0.4803064687944608
60a60c6e-53bd-4124-a272-fa8bcc8d9cd9,P028,7.87,186.9,self_report,106.2,74,129.6,339.85,62.69164627027508,46,0.18446857810879821,443.60625000000005,410.53866666666664,33.0675833333334,2,0,0.44903251052573645
8e8b7f48-93d0-41cc-8862-e82abdf9aaf5,P028,8.32,160.1,self_report,197.4,78,99.0,328.79999999999995,64.53394553667559,50,0.1962711238949988,454.0375,532.7715976331361,-78.73409763313612,1,1,0.35745834270896104
c3f6264c-dd96-400a-9706-2ff5d9e27bd3,P028,8.09,63.2,self_report,99.1,47,33.3,342.3,67.84767753533481,49,0.19821115260103653,450.5125,409.64977777777784,40.862722222222146,0,1,0.7305536645522843
b09f5c84-7f5e-46ae-ba84-6546092e5e8e,P028,7.64,218.2,self_report,45.0,56,136.4,342.7,58.87578162168741,49,0.1717997712917637,534.3428571428573,393.8375,140.5053571428573,0,1,0.7305536645522843
2f228067-8277-47cf-b980-d753d285c6d0,P028,6.55,253.3,self_report,42.7,53,62.7,340.65,64.990332614423,48,0.19078330431358578,520.0473372781066,460.5632653061225,59.48407197198412,4,0,-0.2971581331609101
9f8e0991-bd7b-47d7-b1d6-c03f1d30ee6c,P028,7.34,194.1,self_report,62.7,117,70.4,332.70000000000005,61.44117199668745,50,0.18467439734501787,566.5224489795918,518.2390532544379,48.28339572515392,0,1,0.7305536645522843
fd2a81a5-5c02-4ba4-8673-43642a427b95,P028,6.55,121.6,self_report,93.0,74,129.2,350.1,55.407120990259294,47,0.15826084258857268,482.5457777777777,445.1484444444444,37.39733333333328,2,3,-0.9449759584545594
011281f0-41b1-4489-9e58-abfb2ebb897c,P029,8.22,207.8,self_report,100.2,62,178.4,256.65,56.026649672003295,50,0.218299823385947,385.3084444444443,357.4612244897959,27.847219954648438,3,3,-1.3180712802978827
859aa9d5-bd7d-4df4-8dde-58523d5ca905,P029,8.4,181.8,self_report,107.5,29,81.3,275.8,52.58070384339361,49,0.1906479472204264,439.8201183431953,330.7375,109.08261834319529,3,0,0.07593718868241317
c22c5b1c-06ef-4917-9838-76bbbb7c2393,P029,7.85,243.3,self_report,131.7,75,37.3,277.7,57.071105569360505,45,0.205513523836372,357.575,320.55,37.02499999999998,2,1,-0.015636979134362197
db12dd60-bed3-4e5a-8f66-0b6a11f3ff8a,P029,7.68,144.3,self_report,39.4,81,115.7,279.05,45.862298519938086,48,0.16435154459752047,391.86488888888886,363.7902222222222,28.074666666666644,1,1,0.35745834270896104
7fbd373f-325a-4e04-82d4-5148e18fba7a,P029,6.47,422.4,self_report,44.5,59,81.4,281.7,68.88322694300574,49,0.24452689720626816,438.06530612244893,384.8081632653062,53.25714285714275,0,2,0.26588417489218574
9dcdcafe-62eb-4545-9b9b-a234dc7c1ff5,P029,7.78,169.2,self_report,55.7,37,188.9,259.95,57.79590615793667,48,0.2223347034350324,393.40625,340.83265306122445,52.57359693877555,0,1,0.7305536645522843
e643f456-2ee0-4c23-af4a-a4d803bb00dd,P029,7.33,330.5,self_report,103.9,10,85.4,260.29999999999995,65.63984462884224,46,0.2521699755237889,421.66044444444447,346.59375,75.06669444444447,1,1,0.35745834270896104
2287ee97-0b8d-4f68-8232-392bb0662411,P029,8.25,235.9,self_report,118.4,89,87.2,261.2,53.354405727589345,49,0.2042664844088413,457.2307692307693,325.14375,132.08701923076927,2,0,0.44903251052573645
79594c47-fe03-49d8-b082-e81e9b34e6f0,P029,6.35,270.9,self_report,119.4,35,17.2,272.9,62.33216005894003,47,0.22840659603862234,453.94556213017756,387.456,66.48956213017755,0,0,1.195223154212383
3679998f-547b-4514-977e-7b117f3f8298,P029,7.6,281.7,self_report,71.8,56,51.7,290.8,55.29502390240326,49,0.19014795014581587,481.3538461538462,332.40888888888895,148.94495726495722,2,0,0.44903251052573645
a9b642bd-451d-4351-9348-a294c2c3e1ad,P030,6.62,188.1,self_report,117.1,102,36.0,366.8,61.75785695332343,47,0.1683692937658763,460.5625,396.16875,64.39375000000001,1,0,0.8221278323690597
2da4833f-9b3b-491c-871e-2424c4dfaf4b,P030,5.89,160.0,self_report,99.1,61,96.6,351.95,49.417954742042134,48,0.140411861747527,490.7591111111112,464.76088888888887,25.998222222222353,2,0,0.44903251052573645
2a844320-2eb6-4d0f-a349-569fff7dc143,P030,6.98,82.8,self_report,95.1,83,54.7,362.9,68.30490278814516,49,0.18821962741291035,529.3142857142858,446.15,83.16428571428582,1,0,0.8221278323690597
4e8da0e6-a539-4559-b467-b7df9545f4f8,P030,5.61,401.0,self_report,165.1,104,89.7,380.8,56.81343415971622,49,0.1491949426463136,485.50399999999996,414.88125,70.62274999999994,3,0,0.07593718868241317
fbdf2862-694d-423d-85f9-af06d79fec88,P030,7.5,256.8,self_report,25.2,73,52.6,386.2,64.49935836587778,48,0.16701024952324647,495.68,427.03125,68.64875,0,1,0.7305536645522843
f877dedc-6890-4816-88e2-5d7c42a77b0b,P030,8.2,232.1,self_report,53.8,40,170.4,382.35,65.1378358186841,48,0.1703618041550519,504.68266666666665,468.42311111111115,36.259555555555494,2,1,-0.015636979134362197
2b879489-f452-4185-b060-3b66e2d5a588,P030,7.38,247.0,self_report,144.6,53,50.0,358.1,55.53642826060727,49,0.15508636766435988,557.8285714285714,475.5911111111111,82.23746031746032,2,1,-0.015636979134362197
ddcf7aaa-6887-4cef-85e9-b7289b26fa55,P030,7.53,154.0,self_report,88.5,75,27.7,358.79999999999995,65.48243711130077,48,0.18250400532692523,625.3666666666667,434.9,190.4666666666667,2,1,-0.015636979134362197
73887937-bd87-4b7f-80db-0d741eb4e5c2,P030,7.16,282.4,self_report,48.2,66,64.7,387.6,61.23580489403571,49,0.15798711272971028,459.16444444444454,546.0449704142012,-86.88052596975666,3,2,-0.8534017906377841
debb6061-b86e-4162-83aa-9c1b4080f28c,P030,6.9,152.4,self_report,97.1,76,135.0,369.3,51.452448243714386,49,0.13932425736180445,580.9,474.44622222222216,106.45377777777782,2,1,-0.015636979134362197
